rank,release_date,title,url,production_cost,domestic_gross,worldwide_gross,opening_weekend,mpaa,genre,theaters,runtime,graph,status
1,18-07-2001,Jurassic Park III,/movie/Jurassic-Park-3#tab=summary,93000000,181166115,365900000,50771645,PG-13,Action,3470,93,,PROFIT
2,28-06-2013,White House Down,/movie/White-House-Down#tab=summary,150000000,73103784,205440387,24852258,PG-13,Thriller/Suspense,3222,131,,PROFIT
3,15-08-2012,The Expendables 2,/movie/Expendables-2-The#tab=summary,100000000,85028192,311979256,28591370,R,Action,3355,103,,PROFIT
4,02-04-2004,Home on the Range,/movie/Home-on-the-Range#tab=summary,110000000,50026353,76482461,13880771,PG,Adventure,3058,76,,LOSS
5,24-06-2009,Transformers: Revenge of the Fallen,/movie/Transformers-Revenge-of-the-Fallen#tab=summary,210000000,402111870,836519699,108966307,PG-13,Action,4293,149,,PROFIT
6,20-06-2003,Hulk,/movie/Hulk#tab=summary,137000000,132177234,245031679,62128420,PG-13,Action,3674,138,,PROFIT
7,19-05-1999,Star Wars Ep. I: The Phantom Menace,/movie/Star-Wars-Ep-I-The-Phantom-Menace#tab=summary,115000000,474544677,1027044677,64810970,PG,Adventure,3126,133,,PROFIT
8,24-09-2010,Legend of the Guardians: The Owls of Ga'Hoole,/movie/Legend-of-the-Guardians-The-Owls-of-GaHoole#tab=summary,100000000,55675313,139716717,16112211,PG,Adventure,3575,90,,PROFIT
9,11-07-2023,Mission: Impossible Dead Reckoning Part One,/movie/Mission-Impossible-Dead-Reckoning-Part-One-(2023)#tab=summary,290000000,0,0,NA,NA,Action,NA,NA,,
10,17-10-2019,Maleficent: Mistress of Evil,/movie/Maleficent-Mistress-of-Evil-(2019)#tab=summary,185000000,113929605,489346495,36948713,PG,Adventure,3820,118,,PROFIT
11,23-03-2016,Batman v Superman: Dawn of Justice,/movie/Batman-v-Superman-Dawn-of-Justice#tab=summary,263000000,330360194,872395,166007347,PG-13,Action,4256,151,,LOSS
12,20-03-2014,Rio 2,/movie/Rio-2#tab=summary,130000000,131538435,492846291,39327869,G,Adventure,3975,101,,PROFIT
13,14-12-2016,Rogue One: A Star Wars Story,/movie/Rogue-One-A-Star-Wars-Story#tab=summary,200000000,533539991,1055083596,155081681,PG-13,Adventure,4157,134,,PROFIT
14,17-07-2013,Turbo,/movie/Turbo#tab=summary,135000000,83028130,286896578,21312625,PG,Adventure,3809,96,,PROFIT
15,08-05-2009,Star Trek,/movie/Star-Trek#tab=summary,140000000,257730019,386839614,79204289,PG-13,Adventure,4053,125,,PROFIT
16,03-07-2002,Men in Black 2,/movie/Men-in-Black-2#tab=summary,140000000,190418803,441767803,52148751,PG-13,Action,3641,86,,PROFIT
17,11-06-2010,The A-Team,/movie/A-Team-The#tab=summary,110000000,77222099,177241171,25669455,PG-13,Action,3544,118,,PROFIT
18,21-07-2016,Star Trek Beyond,/movie/Star-Trek-Beyond#tab=summary,185000000,158848340,335673708,59253211,PG-13,Adventure,3928,122,,PROFIT
19,24-03-2017,Power Rangers,/movie/Power-Rangers-(2017)#tab=summary,120000000,85364450,1425315,40300288,PG-13,Action,3693,124,,LOSS
20,01-11-2012,Wreck-It Ralph,/movie/Wreck-It-Ralph#tab=summary,165000000,189412677,4965111,49038712,PG,Adventure,3752,101,,LOSS
21,28-03-2012,Wrath of the Titans,/movie/Wrath-of-the-Titans#tab=summary,150000000,83670083,305270083,33457188,PG-13,Adventure,3545,99,,PROFIT
22,01-02-2019,Alita: Battle Angel,/movie/Alita-Battle-Angel-(2019)#tab=summary,170000000,85838210,401900040,28525613,PG-13,Action,3802,122,,PROFIT
23,26-05-2006,X-Men: The Last Stand,/movie/X-Men-The-Last-Stand#tab=summary,210000000,234362462,459260946,102750665,PG-13,Action,3714,104,,PROFIT
24,02-07-1991,Terminator 2: Judgment Day,/movie/Terminator-2-Judgment-Day#tab=summary,100000000,203464105,515376182,31765506,R,Action,2495,136,,PROFIT
25,05-05-2004,Van Helsing,/movie/Van-Helsing#tab=summary,170000000,120150546,300150546,51748040,PG-13,Action,3580,132,,PROFIT
26,03-11-2021,Eternals,/movie/Eternals-(2021)#tab=summary,200000000,164870264,402064929,71297219,PG-13,Action,4090,156,,PROFIT
27,13-10-2021,The Last Duel,/movie/Last-Duel-The#tab=summary,100000000,10853945,30055233,4759151,R,Drama,3065,153,,LOSS
28,25-12-2015,The Revenant,/movie/Revenant-The-(2015)#tab=summary,135000000,183637894,532938302,474560,R,Adventure,3711,156,,PROFIT
29,12-11-2009,2012,/movie/2012#tab=summary,200000000,166112167,757677748,65237614,PG-13,Action,3444,158,,PROFIT
30,03-08-2007,The Bourne Ultimatum,/movie/Bourne-Ultimatum-The#tab=summary,130000000,227471070,444043396,69283690,PG-13,Thriller/Suspense,3701,113,,PROFIT
31,01-04-2015,Furious 7,/movie/Furious-7#tab=summary,190000000,353007020,1514553486,147187040,PG-13,Action,4022,137,,PROFIT
32,06-06-2008,Kung Fu Panda,/movie/Kung-Fu-Panda#tab=summary,130000000,215434591,631910531,60239130,PG,Adventure,4136,91,,PROFIT
33,19-06-2013,World War Z,/movie/World-War-Z#tab=summary,190000000,202706711,531861650,66411834,PG-13,Action,3607,115,,PROFIT
34,20-06-2019,Toy Story 4,/movie/Toy-Story-4-(2019)#tab=summary,200000000,434038008,1073080329,120908065,G,Adventure,4575,89,,PROFIT
35,24-05-2000,Mission: Impossible 2,/movie/Mission-Impossible-2#tab=summary,120000000,215409889,549588516,57845297,PG-13,Action,3669,126,,PROFIT
36,24-02-2016,Gods of Egypt,/movie/Gods-of-Egypt#tab=summary,140000000,31153464,138836756,14123903,PG-13,Adventure,3117,127,,LOSS
37,18-12-2003,Peter Pan,/movie/Peter-Pan-(2003)#tab=summary,100000000,48417850,95255485,11139495,PG,Adventure,2813,113,,LOSS
38,31-07-2014,Guardians of the Galaxy,/movie/Guardians-of-the-Galaxy#tab=summary,170000000,333714112,770882395,94320883,PG-13,Action,4088,121,,PROFIT
39,13-12-2018,Bumblebee,/movie/Bumblebee#tab=summary,102000000,127195589,465195589,21654047,PG-13,Adventure,3597,114,,PROFIT
40,24-05-2007,Pirates of the Caribbean: At World’s End,/movie/Pirates-of-the-Caribbean-At-Worlds-End#tab=summary,300000000,309420425,960996492,114732820,PG-13,Adventure,4362,167,,PROFIT
41,28-03-2014,Captain America: The Winter Soldier,/movie/Captain-America-The-Winter-Soldier#tab=summary,170000000,259746958,714401889,95023721,PG-13,Action,3938,135,,PROFIT
42,18-12-2002,The Lord of the Rings: The Two Towers,/movie/Lord-of-the-Rings-The-Two-Towers-The#tab=summary,94000000,342548984,919148764,62007528,PG-13,Adventure,3622,179,,PROFIT
43,18-09-2009,Cloudy with a Chance of Meatballs,/movie/Cloudy-with-a-Chance-of-Meatballs#tab=summary,100000000,124870275,236827677,30304648,PG,Adventure,3119,90,,PROFIT
44,28-04-2017,Guardians of the Galaxy Vol 2,/movie/Guardians-of-the-Galaxy-Vol-2#tab=summary,200000000,389813101,869113101,146510104,PG-13,Action,4347,136,,PROFIT
45,14-07-2015,Ant-Man,/movie/Ant-Man#tab=summary,130000000,180202163,518858449,57225526,PG-13,Action,3868,117,,PROFIT
46,15-06-2005,Batman Begins,/movie/Batman-Begins#tab=summary,150000000,205343774,358858124,48745440,PG-13,Action,3858,140,,PROFIT
47,05-12-2014,Exodus: Gods and Kings,/movie/Exodus-Gods-and-Kings#tab=summary,140000000,65014513,268314513,24115934,PG-13,Drama,3503,150,,PROFIT
48,31-03-2000,The Road to El Dorado,/movie/Road-to-El-Dorado-The#tab=summary,95000000,50802661,65700000,12846652,PG,Adventure,3223,89,,LOSS
49,16-12-2020,Wonder Woman 1984,/movie/Wonder-Woman-1984-(2020)#tab=summary,200000000,46801036,166360232,16701957,PG-13,Action,2218,151,,LOSS
50,26-07-2013,The Wolverine,/movie/Wolverine-The#tab=summary,115000000,132556852,416456852,53113752,PG-13,Action,3924,126,,PROFIT
51,26-10-2012,Skyfall,/movie/Skyfall#tab=summary,200000000,304360277,1110526981,88364714,PG-13,Action,3526,143,,PROFIT
52,31-05-2004,Harry Potter and the Prisoner of Azkaban,/movie/Harry-Potter-and-the-Prisoner-of-Azkaban#tab=summary,130000000,249757726,789592708,93687367,PG,Adventure,3855,141,,PROFIT
53,23-06-2010,Knight and Day,/movie/Knight-and-Day#tab=summary,117000000,76423035,258751370,20139985,PG-13,Action,3104,109,,PROFIT
54,20-05-2011,Pirates of the Caribbean: On Stranger Tides,/movie/Pirates-of-the-Caribbean-On-Stranger-Tides#tab=summary,379000000,241071802,1045713802,90151958,PG-13,Adventure,4164,136,,PROFIT
55,15-12-2006,Eragon,/movie/Eragon#tab=summary,100000000,75030163,249488115,23239907,PG,Adventure,3030,104,,PROFIT
56,18-12-2014,Night at the Museum: Secret of the Tomb,/movie/Night-at-the-Museum-Secret-of-the-Tomb#tab=summary,127000000,113746621,353756621,17100520,PG,Adventure,3914,97,,PROFIT
57,22-05-2019,Aladdin,/movie/Aladdin-(2019)#tab=summary,182000000,355559216,1046649706,91500929,PG,Adventure,4476,128,,PROFIT
58,05-11-2015,The Peanuts Movie,/movie/Peanuts-Movie-The#tab=summary,99000000,130178411,250091610,44213073,G,Adventure,3902,89,,PROFIT
59,02-12-2015,Point Break,/movie/Point-Break-(Remake)#tab=summary,100000000,28782481,126704591,9800252,PG-13,Action,2910,113,,PROFIT
60,16-06-2016,Finding Dory,/movie/Finding-Dory#tab=summary,200000000,486295561,1025006125,135060273,PG,Adventure,4305,103,,PROFIT
61,10-08-2007,Rush Hour 3,/movie/Rush-Hour-3#tab=summary,180000000,140125968,256585882,49100158,PG-13,Action,3778,91,,PROFIT
62,19-05-1998,Godzilla,/movie/Godzilla#tab=summary,125000000,136314294,376000000,93188384,PG-13,Action,3952,123,,PROFIT
63,03-01-2019,How to Train Your Dragon: The Hidden World,/movie/How-to-Train-Your-Dragon-The-Hidden-World-(2019)#tab=summary,129000000,160799505,521214533,55022245,PG,Adventure,4286,104,,PROFIT
64,03-08-2012,Total Recall,/movie/Total-Recall-(Remake)#tab=summary,125000000,58877969,211856088,25577758,PG-13,Action,3601,117,,PROFIT
65,20-11-2012,Rise of the Guardians,/movie/Rise-of-the-Guardians#tab=summary,145000000,103412758,306900902,23773465,PG,Adventure,3672,97,,PROFIT
66,23-01-2016,Kung Fu Panda 3,/movie/Kung-Fu-Panda-3#tab=summary,140000000,143528619,521170825,41282042,PG,Adventure,3987,94,,PROFIT
67,17-12-2010,How Do You Know?,/movie/How-Do-You-Know#tab=summary,120000000,30212620,49628177,7484696,R,Romantic Comedy,2483,121,,LOSS
68,14-11-2012,"The Twilight Saga: Breaking Dawn, Part 2",/movie/Twilight-Saga-Breaking-Dawn-Part-2-The#tab=summary,136200000,292324737,829724737,141067634,PG-13,Drama,4070,115,,PROFIT
69,05-06-2019,Dark Phoenix,/movie/Dark-Phoenix-(2019)#tab=summary,200000000,65845974,246356895,32828348,PG-13,Action,3721,114,,PROFIT
70,01-07-2022,Thor: Love and Thunder,/movie/Thor-Love-and-Thunder-(2022)#tab=summary,250000000,343256830,745453552,144165107,PG-13,Action,4375,119,,PROFIT
71,09-04-2018,Rampage,/movie/Rampage-(2018)#tab=summary,120000000,101028233,427947217,35753093,PG-13,Action,4115,107,,PROFIT
72,22-12-2006,Night at the Museum,/movie/Night-at-the-Museum#tab=summary,110000000,250863268,579446407,30433781,PG,Adventure,3768,108,,PROFIT
73,01-07-1998,Armageddon,/movie/Armageddon#tab=summary,140000000,201578182,554600000,36089972,PG-13,Adventure,3184,150,,PROFIT
74,07-04-2017,The Fate of the Furious,/movie/Fate-of-the-Furious-The#tab=summary,250000000,225764765,1236703796,98786705,PG-13,Action,4329,136,,PROFIT
75,03-10-2013,Gravity,/movie/Gravity#tab=summary,110000000,274092705,688214291,55785112,PG-13,Thriller/Suspense,3820,91,,PROFIT
76,09-05-1997,The Fifth Element,/movie/Fifth-Element-The#tab=summary,95000000,63570862,263893838,17031345,PG-13,Action,2500,126,,PROFIT
77,20-05-2021,F9: The Fast Saga,/movie/F9-The-Fast-Saga-(2021)#tab=summary,200000000,173005945,721077945,70043165,PG-13,Action,4203,145,,PROFIT
78,27-02-2013,Jack the Giant Slayer,/movie/Jack-the-Giant-Slayer#tab=summary,195000000,65187603,197687603,27202226,PG-13,Adventure,3525,113,,PROFIT
79,06-04-2022,Fantastic Beasts: The Secrets of Dumbledore,/movie/Fantastic-Beasts-The-Secrets-of-Dumbledore-(2021)#tab=summary,200000000,95850844,404560146,42151256,PG-13,Adventure,4245,NA,,
80,21-12-2016,Passengers,/movie/Passengers-(2015)#tab=summary,110000000,100014699,302239672,14869736,PG-13,Thriller/Suspense,3478,116,,PROFIT
81,23-06-2011,Cars 2,/movie/Cars-2#tab=summary,200000000,191450875,560155383,66135507,G,Adventure,4115,107,,PROFIT
82,27-06-2019,Spider-Man: Far From Home,/movie/Spider-Man-Far-From-Home-(2019)#tab=summary,160000000,390532085,1132532832,92579212,PG-13,Action,4634,129,,PROFIT
83,06-02-2019,The LEGO Movie 2: The Second Part,/movie/Lego-Movie-2-The-Second-Part-The-(2019)#tab=summary,99000000,105806508,190131036,34115335,PG,Adventure,4303,107,,PROFIT
84,04-09-2020,Mulan,/movie/Mulan-(2020)#tab=summary,200000000,0,69965374,NA,PG-13,Adventure,NA,115,,
85,02-07-2021,The Tomorrow War,/movie/Tomorrow-War-The#tab=summary,200000000,0,19220000,NA,PG-13,Action,NA,140,,
86,13-07-2022,The Gray Man,/movie/Gray-Man-The-(2022)#tab=summary,200000000,0,451178,NA,PG-13,Thriller/Suspense,NA,129,,
87,31-07-2019,Fast & Furious Presents: Hobbs & Shaw,/movie/Fast-and-Furious-Presents-Hobbs-and-Shaw-(2019)#tab=summary,200000000,173956935,760381706,60038950,PG-13,Action,4344,134,,PROFIT
88,16-06-1999,Tarzan,/movie/Tarzan#tab=summary,145000000,171091819,448191819,34221968,G,Adventure,3131,88,,PROFIT
89,01-09-2021,Shang-Chi and the Legend of the Ten Rings,/movie/Shang-Chi-and-the-Legend-of-the-Ten-Rings-(2021)#tab=summary,150000000,224543292,432243292,75388688,PG-13,Action,4300,132,,PROFIT
90,25-10-2017,Thor: Ragnarok,/movie/Thor-Ragnarok#tab=summary,180000000,315058289,850482778,122744989,PG-13,Action,4080,130,,PROFIT
91,06-03-2015,Cinderella,/movie/Cinderella-(2015)#tab=summary,95000000,201151353,542351353,67877361,PG,Drama,3848,105,,PROFIT
92,10-08-2012,The Bourne Legacy,/movie/Bourne-Legacy-The#tab=summary,125000000,113203870,280355920,38142825,PG-13,Thriller/Suspense,3753,135,,PROFIT
93,11-07-2008,The Dark Knight,/movie/Dark-Knight-The#tab=summary,185000000,533720947,998615789,158411483,PG-13,Action,4366,152,,PROFIT
94,12-12-2013,The Hobbit: The Desolation of Smaug,/movie/Hobbit-The-Desolation-of-Smaug-The#tab=summary,250000000,258241522,959358436,73645197,PG-13,Adventure,3928,201,,PROFIT
95,29-07-2011,The Smurfs,/movie/Smurfs-The#tab=summary,110000000,142614158,563749323,35611637,PG,Adventure,3427,103,,PROFIT
96,21-11-2018,Ralph Breaks The Internet,/movie/Ralph-Breaks-The-Internet-(2018)#tab=summary,175000000,201091711,529290830,56237634,PG,Adventure,4017,112,,PROFIT
97,13-12-2017,Star Wars Ep. VIII: The Last Jedi,/movie/Star-Wars-Ep-VIII-The-Last-Jedi#tab=summary,262000000,620181382,1331635141,220009584,PG-13,Adventure,4232,150,,PROFIT
98,08-06-2007,Surf’s Up,/movie/Surfs-Up-(2007)#tab=summary,100000000,58867694,145395745,17640249,PG,Adventure,3531,85,,PROFIT
99,14-02-2008,The Spiderwick Chronicles,/movie/Spiderwick-Chronicles-The#tab=summary,92500000,71195053,162839667,19004058,PG,Adventure,3847,96,,PROFIT
100,20-05-2016,Alice Through the Looking Glass,/movie/Alice-Through-the-Looking-Glass#tab=summary,170000000,77042381,276928112,26858726,PG,Adventure,3763,113,,PROFIT
101,18-03-2015,The Divergent Series: Insurgent,/movie/Divergent-Series-Insurgent-The#tab=summary,110000000,130179072,295075882,52263680,PG-13,Action,3875,118,,PROFIT
102,30-09-2021,Venom: Let There be Carnage,/movie/Venom-Let-There-be-Carnage#tab=summary,110000000,213550366,501600379,90033210,PG-13,Action,4225,97,,PROFIT
103,28-10-2011,Puss in Boots,/movie/Puss-in-Boots#tab=summary,130000000,149260504,554987477,34077439,PG,Adventure,3963,90,,PROFIT
104,09-08-2013,Elysium,/movie/Elysium#tab=summary,120000000,93050117,286192091,29807393,R,Action,3284,109,,PROFIT
105,15-07-2009,Harry Potter and the Half-Blood Prince,/movie/Harry-Potter-and-the-Half-Blood-Prince#tab=summary,250000000,302089278,929411069,77835727,PG,Adventure,4455,153,,PROFIT
106,22-06-2016,Independence Day: Resurgence,/movie/Independence-Day-Resurgence#tab=summary,165000000,103144286,384169424,41039944,PG-13,Action,4091,119,,PROFIT
107,23-05-2012,Men in Black 3,/movie/Men-in-Black-3#tab=summary,215000000,179020854,654213485,54592779,PG-13,Adventure,4248,104,,PROFIT
108,07-10-2011,Real Steel,/movie/Real-Steel#tab=summary,110000000,85463309,263880341,27319677,PG-13,Action,3440,126,,PROFIT
109,15-11-2002,Harry Potter and the Chamber of Secrets,/movie/Harry-Potter-and-the-Chamber-of-Secrets#tab=summary,100000000,262233381,875262553,88357488,PG,Adventure,3682,161,,PROFIT
110,09-12-2005,"The Chronicles of Narnia: The Lion, the Witch a…",/movie/Chronicles-of-Narnia-The-Lion-the-Witch-and-the-Wardrobe-The#tab=summary,180000000,291710957,720539572,NA,NA,NA,NA,NA,,
111,29-09-2021,No Time to Die,/movie/No-Time-to-Die-(2021)#tab=summary,250000000,160891007,760008036,55225007,PG-13,Action,4407,163,,PROFIT
112,19-05-2005,Star Wars Ep. III: Revenge of the Sith,/movie/Star-Wars-Ep-III-Revenge-of-the-Sith#tab=summary,115000000,380270577,848998877,108435841,PG-13,Adventure,3663,139,,PROFIT
113,04-05-2001,The Mummy Returns,/movie/Mummy-Returns-The#tab=summary,98000000,202007640,435040395,68139035,PG-13,Adventure,3553,129,,PROFIT
114,12-11-2010,Unstoppable,/movie/Unstoppable#tab=summary,95000000,81562942,165720921,22688457,PG-13,Action,3261,98,,PROFIT
115,28-02-2020,Onward,/movie/Onward-(2020)#tab=summary,200000000,61555145,133317030,39119861,PG,Adventure,4310,114,,LOSS
116,01-07-2008,Hancock,/movie/Hancock-(2008)#tab=summary,150000000,227946274,624234272,62603879,PG-13,Action,3965,92,,PROFIT
117,05-07-2017,Spider-Man: Homecoming,/movie/Spider-Man-Homecoming#tab=summary,175000000,334201140,878346440,117027503,PG-13,Action,4348,133,,PROFIT
118,21-12-2005,Fun With Dick And Jane,/movie/Fun-With-Dick-And-Jane#tab=summary,140000000,110550000,203018919,14383515,PG-13,Comedy,3239,90,,PROFIT
119,24-06-2005,War of the Worlds,/movie/War-of-the-Worlds#tab=summary,132000000,234280354,606836535,64878725,PG-13,Action,3910,116,,PROFIT
120,09-03-2016,The Divergent Series: Allegiant,/movie/Divergent-Series-Allegiant-The#tab=summary,110000000,66184051,172022517,29027348,PG-13,Action,3740,120,,PROFIT
121,16-06-1995,Batman Forever,/movie/Batman-Forever-(1995)#tab=summary,100000000,184031112,336529144,52784433,PG-13,Action,2893,122,,PROFIT
122,04-05-2022,Doctor Strange in the Multiverse of Madness,/movie/Doctor-Strange-in-the-Multiverse-of-Madness-(2022)#tab=summary,200000000,411331607,952224986,187420998,PG-13,Action,4534,126,,PROFIT
123,14-07-2010,The Sorcerer's Apprentice,/movie/Sorcerers-Apprentice-The#tab=summary,160000000,63150991,217986320,17619622,PG,Adventure,3504,108,,PROFIT
124,10-12-2014,The Hobbit: The Battle of the Five Armies,/movie/Hobbit-The-Battle-of-the-Five-Armies-The#tab=summary,250000000,255119788,940389558,54724334,PG-13,Adventure,3875,144,,PROFIT
125,21-06-1996,Eraser,/movie/Eraser#tab=summary,100000000,101295562,234400000,24566446,R,Action,2556,114,,PROFIT
126,08-01-2020,Dolittle,/movie/Dolittle#tab=summary,175000000,77047065,251410631,21844045,PG,Adventure,4155,103,,PROFIT
127,19-09-2017,Kingsman: The Golden Circle,/movie/Kingsman-The-Golden-Circle#tab=summary,104000000,100234838,408803696,39023010,R,Action,4038,141,,PROFIT
128,30-06-2016,Ben-Hur,/movie/Ben-Hur-(2016)#tab=summary,95000000,26410477,91669648,11203815,PG-13,Adventure,3084,123,,LOSS
129,12-02-2010,Percy Jackson & the Olympians: The Lightning Thief,/movie/Percy-Jackson-and-the-Lightning-Thief#tab=summary,95000000,88768303,223050874,31236067,PG,Adventure,3396,119,,PROFIT
130,13-07-2016,Ghostbusters,/movie/Ghostbusters-(2016)#tab=summary,144000000,128350574,229008658,46018755,PG-13,Comedy,3963,117,,PROFIT
131,19-12-2014,Seventh Son,/movie/Seventh-Son#tab=summary,95000000,17725785,108874967,7217640,PG-13,Adventure,2875,102,,PROFIT
132,14-12-2011,Mission: Impossible—Ghost Protocol,/movie/Mission-Impossible-Ghost-Protocol#tab=summary,145000000,209397903,694713230,12785204,PG-13,Action,3555,132,,PROFIT
133,01-05-2009,X-Men Origins: Wolverine,/movie/X-Men-Origins-Wolverine#tab=summary,150000000,179883157,374825760,85058003,PG-13,Action,4102,107,,PROFIT
134,14-07-2021,Space Jam: A New Legacy,/movie/Space-Jam-A-New-Legacy#tab=summary,150000000,70592228,144003749,31053362,PG,Comedy,4002,115,,LOSS
135,22-05-2009,Night at the Museum: Battle of the Smithsonian,/movie/Night-at-the-Museum-Battle-of-the-Smithsonian#tab=summary,150000000,177243721,402231063,54173286,PG,Adventure,4101,105,,PROFIT
136,30-04-2003,X-Men 2,/movie/X-Men-2-(2003)#tab=summary,125000000,214949694,406348630,85558731,PG-13,Action,3749,135,,PROFIT
137,17-06-2011,Green Lantern,/movie/Green-Lantern-(2011)#tab=summary,200000000,116601172,219535492,53174303,PG-13,Action,3816,113,,PROFIT
138,23-07-2004,Catwoman,/movie/Catwoman#tab=summary,100000000,40202379,82078046,16728411,PG-13,Action,3117,101,,LOSS
139,15-12-2016,The Great Wall,/movie/Great-Wall-The#tab=summary,150000000,45157105,334486852,18469620,PG-13,Action,3328,104,,PROFIT
140,09-06-2000,Gone in 60 Seconds,/movie/Gone-in-60-Seconds#tab=summary,103300000,101643008,232643008,25336048,PG-13,Action,3089,117,,PROFIT
141,10-03-2022,Turning Red,/movie/Turning-Red-(2022)#tab=summary,175000000,0,10965045,NA,PG,Adventure,NA,100,,
142,28-12-2001,Black Hawk Down,/movie/Black-Hawk-Down#tab=summary,95000000,108638745,159691085,179823,R,Action,3143,144,,PROFIT
143,22-12-2021,The King’s Man,/movie/Kings-Man-The-(2020)#tab=summary,100000000,37176373,121125300,5915542,R,Action,3180,131,,PROFIT
144,27-05-2004,The Day After Tomorrow,/movie/Day-After-Tomorrow-The#tab=summary,125000000,186740799,555840117,68743584,PG-13,Adventure,3444,123,,PROFIT
145,20-07-2017,Valerian and the City of a Thousand Planets,/movie/Valerian-and-the-City-of-a-Thousand-Planets-(France)#tab=summary,180000000,40479370,215098356,17007624,PG-13,Adventure,3553,129,,PROFIT
146,28-05-2014,Maleficent,/movie/Maleficent#tab=summary,180000000,241407328,758536735,69431298,PG,Adventure,3948,97,,PROFIT
147,01-03-2022,The Batman,/movie/Batman-The-(2021)#tab=summary,200000000,369345583,767820302,134008624,PG-13,Action,4417,175,,PROFIT
148,18-11-2005,Harry Potter and the Goblet of Fire,/movie/Harry-Potter-and-the-Goblet-of-Fire#tab=summary,150000000,290201752,886746240,102685961,PG-13,Adventure,3858,150,,PROFIT
149,16-11-2007,Beowulf,/movie/Beowulf#tab=summary,150000000,82280579,195080579,27515871,PG-13,Adventure,3249,115,,PROFIT
150,27-10-2017,Coco,/movie/Coco-(2017)#tab=summary,175000000,210460015,797666425,50802605,PG,Musical,3987,105,,PROFIT
151,04-05-2000,Gladiator,/movie/Gladiator-(2000)#tab=summary,103000000,187683805,456435588,34819017,R,Action,3188,154,,PROFIT
152,29-05-2017,Wonder Woman,/movie/Wonder-Woman-(2017)#tab=summary,150000000,412563408,818058221,103251471,PG-13,Action,4165,141,,PROFIT
153,21-11-2003,Dr. Seuss’ The Cat in the Hat,/movie/Dr-Seuss-The-Cat-in-the-Hat-(2003)#tab=summary,109000000,101018283,133818283,38329160,PG,Adventure,3467,82,,PROFIT
154,12-06-2015,Inside Out,/movie/Inside-Out-(2015)#tab=summary,175000000,356461711,853003563,90440272,PG,Adventure,4158,95,,PROFIT
155,11-12-2009,The Lovely Bones,/movie/Lovely-Bones-The#tab=summary,95000000,44114232,94894448,116616,PG-13,Drama,2638,135,,LOSS
156,16-12-2021,The Matrix Resurrections,/movie/Matrix-Resurrections-The-(2021)#tab=summary,190000000,37686805,156467817,10749011,R,Action,3552,148,,LOSS
157,23-04-2019,Avengers: Endgame,/movie/Avengers-Endgame-(2019)#tab=summary,25014680,858373000,2797800564,357115007,PG-13,Action,4662,181,,PROFIT
158,19-04-2013,Oblivion,/movie/Oblivion-(2013)#tab=summary,120000000,89107235,287916633,37054485,PG-13,Thriller/Suspense,3792,125,,PROFIT
159,14-05-2014,Godzilla,/movie/Godzilla-(2014)#tab=summary,160000000,200676069,529076069,93188384,PG-13,Action,3952,123,,PROFIT
160,13-10-2017,Geostorm,/movie/Geostorm#tab=summary,100000000,33700160,220796009,13707376,PG-13,Thriller/Suspense,3246,109,,PROFIT
161,28-07-1995,Waterworld,/movie/Waterworld#tab=summary,175000000,88246220,264246220,21171780,PG-13,Action,2420,135,,PROFIT
162,10-11-2004,The Polar Express,/movie/Polar-Express-The#tab=summary,170000000,188578855,312719437,23325035,G,Adventure,3650,92,,PROFIT
163,24-11-2004,Alexander,/movie/Alexander#tab=summary,155000000,34297191,167297191,13687087,R,Action,2445,175,,PROFIT
164,27-06-2012,The Amazing Spider-Man,/movie/Amazing-Spider-Man-The#tab=summary,220000000,262030663,757890267,62004688,PG-13,Adventure,4318,136,,PROFIT
165,19-12-2013,The Secret Life of Walter Mitty,/movie/Secret-Life-of-Walter-Mitty-The-(2012)#tab=summary,91000000,58236838,187861183,12765508,PG,Adventure,2922,114,,PROFIT
166,22-11-2002,Die Another Day,/movie/Die-Another-Day#tab=summary,142000000,160942139,431942139,47072040,PG-13,Action,3377,133,,PROFIT
167,27-08-1999,The 13th Warrior,/movie/13th-Warrior-The#tab=summary,125000000,32698899,61698899,10267756,R,Action,2313,103,,LOSS
168,23-05-2013,The Hangover 3,/movie/Hangover-3-The#tab=summary,103000000,112200072,362000072,41671198,R,Comedy,3565,100,,PROFIT
169,20-01-2012,Jin líng shí san chai,/movie/Jin-ling-shi-san-chai#tab=summary,100000000,311434,98227017,48558,R,Drama,30,141,,LOSS
170,21-12-2016,Assassin’s Creed,/movie/Assassins-Creed#tab=summary,125000000,54647948,240759682,10278225,PG-13,Action,2996,116,,PROFIT
171,14-11-2003,Master and Commander: The Far Side of the World,/movie/Master-and-Commander-The-Far-Side-of-the-World#tab=summary,135000000,93926386,212912137,25105990,PG-13,Adventure,3101,139,,PROFIT
172,18-12-2019,Star Wars: The Rise of Skywalker,/movie/Star-Wars-The-Rise-of-Skywalker-(2019)#tab=summary,275000000,515202542,1072848487,177383864,PG-13,Adventure,4406,142,,PROFIT
173,30-06-2004,Spider-Man 2,/movie/Spider-Man-2#tab=summary,200000000,373524485,794697557,88156227,PG-13,Adventure,4166,127,,PROFIT
174,09-03-2018,A Wrinkle in Time,/movie/Wrinkle-in-Time-A-(2018)#tab=summary,103000000,100478608,133214549,33123609,PG,Adventure,3980,120,,PROFIT
175,15-09-2021,Dune,/movie/Dune-(2020)#tab=summary,165000000,108327830,397720527,41011174,PG-13,Action,4125,156,,PROFIT
176,19-05-2006,The Da Vinci Code,/movie/Da-Vinci-Code-The#tab=summary,125000000,217536138,767820459,77073388,PG-13,Thriller/Suspense,3757,152,,PROFIT
177,10-08-2012,The Campaign,/movie/Campaign-The#tab=summary,95000000,86907746,104907746,26588460,R,Comedy,3302,85,,PROFIT
178,12-05-2006,Poseidon,/movie/Poseidon#tab=summary,160000000,60674817,181674817,22155410,PG-13,Adventure,3555,NA,,
179,17-12-2019,Cats,/movie/Cats-(2019)#tab=summary,100000000,27166770,75558925,6619870,PG,Musical,3380,110,,LOSS
180,01-11-2019,The Irishman,/movie/Irishman-The-(2019)#tab=summary,159000000,0,910234,NA,R,Drama,NA,210,,
181,28-05-2014,Edge of Tomorrow,/movie/Edge-of-Tomorrow#tab=summary,178000000,100206256,367028980,28760246,PG-13,Action,3505,136,,PROFIT
182,10-12-2010,The Chronicles of Narnia: The Voyage of the Daw…,/movie/Chronicles-of-Narnia-The-Voyage-of-the-Dawn-Treader-The#tab=summary,155000000,104386950,418186950,NA,NA,NA,NA,NA,,
183,07-07-2021,Black Widow,/movie/Black-Widow-(2021)#tab=summary,200000000,183651655,379751655,80366312,PG-13,Action,4275,133,,PROFIT
184,06-04-2016,The Huntsman: Winter’s War,/movie/Huntsman-Winters-War-The#tab=summary,115000000,48003015,165149302,19445035,PG-13,Action,3802,113,,PROFIT
185,28-06-2000,The Patriot,/movie/Patriot-The-(2000)#tab=summary,110000000,113330342,215300000,22413710,R,Drama,3061,164,,PROFIT
186,23-02-2017,Logan,/movie/Logan-(2017)#tab=summary,127000000,226277068,614202315,88411916,R,Action,4071,135,,PROFIT
187,11-06-2004,The Chronicles of Riddick,/movie/Chronicles-of-Riddick-The#tab=summary,120000000,57712751,107212751,24289165,PG-13,Adventure,2759,119,,LOSS
188,16-07-2010,Inception,/movie/Inception#tab=summary,160000000,292576195,728582465,62785337,PG-13,Thriller/Suspense,3792,147,,PROFIT
189,27-01-2016,Moana,/movie/Moana-(2016)#tab=summary,150000000,248757044,631617146,56631401,PG,Musical,3875,113,,PROFIT
190,27-06-2016,The Legend of Tarzan,/movie/Legend-of-Tarzan-The#tab=summary,180000000,126643061,348902025,38527856,PG-13,Adventure,3591,110,,PROFIT
191,01-07-2016,Ice Age: Collision Course,/movie/Ice-Age-Collision-Course#tab=summary,105000000,64063008,402156682,21373064,PG,Adventure,3997,100,,PROFIT
192,27-06-2007,Live Free or Die Hard,/movie/Live-Free-or-Die-Hard#tab=summary,110000000,134529403,382288147,33369559,PG-13,Action,3411,129,,PROFIT
193,26-11-2008,Australia,/movie/Australia-(2008)#tab=summary,130000000,49554002,215080810,14800723,PG-13,Drama,2721,165,,PROFIT
194,27-03-2009,Monsters vs. Aliens,/movie/Monsters-vs-Aliens#tab=summary,175000000,198351526,381687380,59321095,PG,Adventure,4136,95,,PROFIT
195,30-09-2015,The Martian,/movie/Martian-The#tab=summary,108000000,228433663,653609107,54308575,PG-13,Thriller/Suspense,3854,130,,PROFIT
196,29-07-2015,Mission: Impossible—Rogue Nation,/movie/Mission-Impossible-Rogue-Nation#tab=summary,150000000,195042377,688858992,55520089,PG-13,Action,3988,131,,PROFIT
197,05-11-2014,Interstellar,/movie/Interstellar#tab=summary,165000000,188017894,649133873,47510360,PG-13,Adventure,3561,165,,PROFIT
198,01-07-2003,Terminator 3: Rise of the Machines,/movie/Terminator-3-Rise-of-the-Machines#tab=summary,170000000,150358296,433058296,44041440,R,Action,3504,109,,PROFIT
199,07-11-2019,Midway,/movie/Midway-(2019)#tab=summary,100000000,56846802,126829063,17897419,PG-13,Action,3242,138,,PROFIT
200,09-08-2018,The Meg,/movie/Meg-The#tab=summary,178000000,145443742,527370715,45402195,PG-13,Action,4118,113,,PROFIT
201,25-10-2019,Terminator: Dark Fate,/movie/Terminator-Dark-Fate-(2019)#tab=summary,185000000,62253077,250372367,29033832,R,Action,4086,128,,PROFIT
202,22-05-2008,Indiana Jones and the Kingdom of the Crystal Skull,/movie/Indiana-Jones-and-the-Kingdom-of-the-Crystal-Skull#tab=summary,185000000,317101119,786635413,100137835,PG-13,Adventure,4264,123,,PROFIT
203,14-11-2008,Quantum of Solace,/movie/Quantum-of-Solace#tab=summary,230000000,169368427,591692078,67528882,PG-13,Action,3501,106,,PROFIT
204,24-10-2016,Doctor Strange,/movie/Doctor-Strange-(2016)#tab=summary,165000000,232641920,676354481,85058311,PG-13,Action,3882,115,,PROFIT
205,03-05-2019,Pokémon: Detective Pikachu,/movie/Pokemon-Detective-Pikachu-(2019)#tab=summary,150000000,144105346,431344168,54365242,PG,Adventure,4248,104,,PROFIT
206,10-12-2004,Ocean's Twelve,/movie/Oceans-Twelve#tab=summary,110000000,125531634,362989076,39153380,PG-13,Adventure,3290,125,,PROFIT
207,02-06-2016,Teenage Mutant Ninja Turtles: Out of the Shadows,/movie/Teenage-Mutant-Ninja-Turtles-Out-of-the-Shadows#tab=summary,135000000,82051601,245328374,35316382,PG-13,Adventure,4071,112,,PROFIT
208,27-06-2003,Charlie's Angels: Full Throttle,/movie/Charlies-Angels-Full-Throttle#tab=summary,120000000,100814328,227163273,37634221,PG-13,Action,3485,106,,PROFIT
209,07-04-2016,The Jungle Book,/movie/Jungle-Book-The-(2016)#tab=summary,175000000,364001123,953554418,103261464,PG,Adventure,4144,105,,PROFIT
210,13-05-2004,Troy,/movie/Troy#tab=summary,150000000,133298577,483152040,46865412,R,Action,3411,162,,PROFIT
211,10-02-2022,Uncharted,/movie/Uncharted-(2022)#tab=summary,120000000,148648820,401748820,44010155,PG-13,Adventure,4275,116,,PROFIT
212,20-02-2014,Mr. Peabody & Sherman,/movie/Mr-Peabody-and-Sherman#tab=summary,145000000,111506430,269806430,32207057,PG,Adventure,3951,91,,PROFIT
213,21-09-2016,Miss Peregrine’s Home for Peculiar Children,/movie/Miss-Peregrines-Home-for-Peculiar-Children#tab=summary,110000000,87242834,295986876,28871140,PG-13,Adventure,3835,126,,PROFIT
214,19-12-1997,Tomorrow Never Dies,/movie/Tomorrow-Never-Dies#tab=summary,110000000,125304276,339504276,25143007,PG-13,Action,2807,119,,PROFIT
215,03-11-2006,Flushed Away,/movie/Flushed-Away#tab=summary,149000000,64665672,179357126,18814323,PG,Adventure,3707,85,,PROFIT
216,30-10-2013,Thor: The Dark World,/movie/Thor-The-Dark-World#tab=summary,150000000,206362140,644602516,85737841,PG-13,Action,3841,111,,PROFIT
217,18-11-2011,"The Twilight Saga: Breaking Dawn, Part 1",/movie/Twilight-Saga-Breaking-Dawn-Part-1-The#tab=summary,127500000,281287133,688288353,138122261,PG-13,Drama,4066,117,,PROFIT
218,25-12-2019,1917,/movie/1917-(2019)#tab=summary,100000000,159227644,370603379,576216,R,Thriller/Suspense,3987,119,,PROFIT
219,20-05-2015,Tomorrowland,/movie/Tomorrowland#tab=summary,170000000,93436322,206627518,33028165,PG,Adventure,3972,129,,PROFIT
220,03-07-2018,Ant-Man and the Wasp,/movie/Ant-Man-and-the-Wasp#tab=summary,130000000,216648740,623144660,75812205,PG-13,Action,4206,118,,PROFIT
221,25-11-2015,The Good Dinosaur,/movie/Good-Dinosaur-The#tab=summary,187500000,123087120,333771037,39155217,PG,Adventure,3749,92,,PROFIT
222,23-07-2010,Salt,/movie/Salt#tab=summary,130000000,118311368,290650494,36011243,PG-13,Thriller/Suspense,3612,100,,PROFIT
223,16-05-2002,Star Wars Ep. II: Attack of the Clones,/movie/Star-Wars-Ep-II-Attack-of-the-Clones#tab=summary,115000000,310676740,656695615,80027814,PG,Adventure,3161,143,,PROFIT
224,16-03-2018,Pacific Rim: Uprising,/movie/Pacific-Rim-Uprising#tab=summary,155000000,59874525,290930148,28116535,PG-13,Action,3708,111,,PROFIT
225,07-03-2014,300: Rise of an Empire,/movie/300-Rise-of-an-Empire#tab=summary,110000000,106580051,330780051,45038460,R,Action,3490,102,,PROFIT
226,22-07-2005,The Island,/movie/Island-The-(2005)#tab=summary,120000000,35818913,163018913,12409070,PG-13,Action,3138,136,,PROFIT
227,17-12-2009,Avatar,/movie/Avatar#tab=summary,237000000,785221649,2910370905,77025481,PG-13,Action,3461,162,,PROFIT
228,10-06-2005,Mr. and Mrs. Smith,/movie/Mr-and-Mrs-Smith#tab=summary,110000000,186336279,486124090,50342878,PG-13,Action,3451,120,,PROFIT
229,17-12-2004,The Aviator,/movie/Aviator-The-(2004)#tab=summary,110000000,102608827,208370892,858021,PG-13,Drama,2530,170,,PROFIT
230,12-03-2010,Green Zone,/movie/Green-Zone#tab=summary,100000000,35497337,97523020,14309295,R,Drama,3004,114,,LOSS
231,02-06-2017,The Mummy,/movie/Mummy-The-(2017)#tab=summary,195000000,80101125,409953905,31668375,PG-13,Adventure,4035,107,,PROFIT
232,02-08-2016,Suicide Squad,/movie/Suicide-Squad#tab=summary,175000000,325100054,745744980,133682248,PG-13,Action,4255,123,,PROFIT
233,25-12-2013,The Wolf of Wall Street,/movie/Wolf-of-Wall-Street-The#tab=summary,100000000,116949183,389918903,18410067,R,Black Comedy,2557,165,,PROFIT
234,02-11-2001,"Monsters, Inc.",/movie/Monsters-Inc#tab=summary,115000000,290149425,560483719,62577067,G,Adventure,3649,92,,PROFIT
235,04-11-2021,Red Notice,/movie/Red-Notice-(2020)#tab=summary,150000000,0,173638,NA,PG-13,Action,NA,115,,
236,13-12-2019,6 Underground,/movie/6-Underground-(2019)#tab=summary,150000000,0,0,NA,R,Action,NA,128,,
237,02-05-2008,Iron Man,/movie/Iron-Man#tab=summary,186000000,318604126,585171547,102118668,PG-13,Adventure,4154,126,,PROFIT
238,08-06-2012,Madagascar 3: Europe's Most Wanted,/movie/Madagascar-3#tab=summary,145000000,216391482,746921271,60316738,PG,Adventure,4263,85,,PROFIT
239,24-11-1999,End of Days,/movie/End-of-Days#tab=summary,100000000,66889043,212026975,20523595,R,Action,2665,120,,PROFIT
240,22-10-2004,The Incredibles,/movie/Incredibles-The#tab=summary,92000000,261441092,631441092,70467623,PG,Adventure,3933,115,,PROFIT
241,15-11-2001,Harry Potter and the Sorcerer’s Stone,/movie/Harry-Potter-and-the-Sorcerers-Stone#tab=summary,125000000,317871467,965054122,90294621,PG,Adventure,3672,152,,PROFIT
242,07-12-2007,The Golden Compass,/movie/His-Dark-Materials-The-Golden-Compass#tab=summary,205000000,70107728,367262558,25783232,PG-13,Adventure,3528,113,,PROFIT
243,15-07-1994,True Lies,/movie/True-Lies#tab=summary,100000000,146282411,365300000,25869770,R,Action,2561,141,,PROFIT
244,06-12-2013,47 Ronin,/movie/47-Ronin#tab=summary,175000000,38362475,151716815,9910310,PG-13,Action,2690,127,,LOSS
245,31-05-2013,After Earth,/movie/After-Earth#tab=summary,130000000,60522097,251499665,27520040,PG-13,Action,3401,99,,PROFIT
246,07-02-1997,Dante’s Peak,/movie/Dantes-Peak-(1997)#tab=summary,115000000,67163857,178200000,18479435,PG-13,Thriller/Suspense,2761,109,,PROFIT
247,09-07-2003,Pirates of the Caribbean: The Curse of the Blac…,/movie/Pirates-of-the-Caribbean-The-Curse-of-the-Black-Pearl#tab=summary,140000000,305410819,654310819,NA,NA,NA,NA,NA,,
248,10-05-2013,The Great Gatsby,/movie/Great-Gatsby-The-(2011)#tab=summary,190000000,144840419,353640419,50085184,PG-13,Drama,3550,141,,PROFIT
249,02-07-2007,Transformers,/movie/Transformers#tab=summary,151000000,319246193,708272592,70502384,PG-13,Action,4050,142,,PROFIT
250,05-12-2018,Mortal Engines,/movie/Mortal-Engines-(2018)#tab=summary,100000000,15951040,85480271,7559850,PG-13,Action,3103,128,,LOSS
251,05-12-2003,The Last Samurai,/movie/Last-Samurai-The#tab=summary,140000000,111110575,456810575,24271354,R,Action,2938,154,,PROFIT
252,02-11-2007,Bee Movie,/movie/Bee-Movie#tab=summary,150000000,126631277,287594577,38021044,PG,Adventure,3984,90,,PROFIT
253,29-05-2019,Godzilla: King of the Monsters,/movie/Godzilla-King-of-the-Monsters-(2019)#tab=summary,170000000,110500138,383299915,47776293,PG-13,Action,4108,132,,PROFIT
254,08-03-2013,Oz the Great and Powerful,/movie/Oz-The-Great-and-Powerful#tab=summary,200000000,234770996,490359051,79110453,PG,Adventure,3912,130,,PROFIT
255,30-05-2003,Finding Nemo,/movie/Finding-Nemo#tab=summary,94000000,380529370,936094852,70251710,G,Adventure,3425,100,,PROFIT
256,14-11-2016,Fantastic Beasts and Where to Find Them,/movie/Fantastic-Beasts-and-Where-to-Find-Them#tab=summary,180000000,234037575,811724385,74403387,PG-13,Adventure,4144,133,,PROFIT
257,30-06-2016,The BFG,/movie/BFG-The-(2016)#tab=summary,140000000,55483770,199646680,18775350,PG,Adventure,3392,115,,PROFIT
258,28-07-2006,Miami Vice,/movie/Miami-Vice-(2006)#tab=summary,135000000,63478838,164920076,25723815,R,Action,3026,132,,PROFIT
259,21-06-2002,Minority Report,/movie/Minority-Report#tab=summary,102000000,132024714,358824714,35677125,PG-13,Action,3001,144,,PROFIT
260,23-11-2011,Hugo,/movie/Hugo#tab=summary,180000000,73864507,180047784,11364505,PG,Adventure,2608,126,,PROFIT
261,NA,Desert Warrior,/movie/Desert-Warrior-(2022-Saudi-Arabia)#tab=summary,140000000,0,0,NA,NA,NA,NA,NA,,
262,04-12-2019,Jumanji: The Next Level,/movie/Jumanji-The-Next-Level#tab=summary,125000000,316831246,798332900,59251543,PG-13,Adventure,4227,123,,PROFIT
263,16-06-2017,Cars 3,/movie/Cars-3#tab=summary,175000000,152901115,383541369,53688680,G,Adventure,4256,109,,PROFIT
264,14-08-2014,The Expendables 3,/movie/Expendables-3-The#tab=summary,100000000,39322544,209461378,15879645,PG-13,Action,3221,103,,PROFIT
265,17-11-2000,How the Grinch Stole Christmas,/movie/How-the-Grinch-Stole-Christmas-(2000)#tab=summary,123000000,260348825,345445403,55820330,PG,Adventure,3256,105,,PROFIT
266,12-06-2019,Men in Black: International,/movie/Men-in-Black-International-(2019)#tab=summary,110000000,80001807,253020464,30035838,PG-13,Adventure,4224,118,,PROFIT
267,07-08-2009,G.I. Joe: The Rise of Cobra,/movie/GI-Joe-The-Rise-of-Cobra-(2009)#tab=summary,175000000,150201498,302469017,54713046,PG-13,Action,4007,118,,PROFIT
268,29-09-2017,Blade Runner 2049,/movie/Blade-Runner-2049#tab=summary,185000000,92054159,258829058,32753122,R,Thriller/Suspense,4058,164,,PROFIT
269,24-04-2013,Iron Man 3,/movie/Iron-Man-3#tab=summary,200000000,408992272,1215392272,174144585,PG-13,Action,4253,130,,PROFIT
270,23-02-2017,Kong: Skull Island,/movie/Kong-Skull-Island#tab=summary,185000000,168052812,561072059,61025472,PG-13,Adventure,3846,118,,PROFIT
271,29-04-2011,Thor,/movie/Thor#tab=summary,150000000,181030624,449326618,65723338,PG-13,Action,3963,113,,PROFIT
272,15-11-2013,The Hunger Games: Catching Fire,/movie/Hunger-Games-Catching-Fire-The#tab=summary,130000000,424668047,864868047,158074286,PG-13,Adventure,4163,146,,PROFIT
273,29-01-2015,Kingsman: The Secret Service,/movie/Kingsman-The-Secret-Service#tab=summary,94000000,128261724,404561724,36206331,R,Action,3282,129,,PROFIT
274,26-05-2011,Kung Fu Panda 2,/movie/Kung-Fu-Panda-2#tab=summary,150000000,165249063,664837547,47656302,PG,Adventure,3952,90,,PROFIT
275,06-07-2006,Pirates of the Caribbean: Dead Man’s Chest,/movie/Pirates-of-the-Caribbean-Dead-Mans-Chest#tab=summary,225000000,423315812,1066179725,135634554,PG-13,Adventure,4133,151,,PROFIT
276,02-11-2007,American Gangster,/movie/American-Gangster-(2007)#tab=summary,100000000,130164645,267985456,43565135,R,Drama,3111,157,,PROFIT
277,17-05-2007,Shrek the Third,/movie/Shrek-the-Third#tab=summary,160000000,322719944,807330936,121629270,PG,Adventure,4172,92,,PROFIT
278,27-05-2010,Sex and the City 2,/movie/Sex-and-the-City-2#tab=summary,95000000,95347692,294680778,31001870,R,Comedy,3445,146,,PROFIT
279,25-04-2018,Avengers: Infinity War,/movie/Avengers-Infinity-War#tab=summary,300000000,678815482,2048359754,257698183,PG-13,Action,4474,156,,PROFIT
280,05-08-2011,Rise of the Planet of the Apes,/movie/Rise-of-the-Planet-of-the-Apes#tab=summary,93000000,176760185,470986200,54806191,PG-13,Adventure,3691,120,,PROFIT
281,03-06-2011,X-Men: First Class,/movie/X-Men-First-Class#tab=summary,160000000,146408305,355408305,55101604,PG-13,Action,3692,132,,PROFIT
282,11-07-2001,Final Fantasy: The Spirits Within,/movie/Final-Fantasy-The-Spirits-Within#tab=summary,137000000,32131830,85131830,11408853,PG-13,Adventure,2649,106,,LOSS
283,19-07-2013,R.I.P.D.,/movie/RIPD#tab=summary,130000000,33618855,79076678,12691415,PG-13,Action,2852,98,,LOSS
284,06-11-2009,Disney’s A Christmas Carol,/movie/Disneys-A-Christmas-Carol#tab=summary,190000000,137855863,315709697,30051075,PG,Drama,3683,95,,PROFIT
285,11-06-2004,The Stepford Wives,/movie/Stepford-Wives-The-(2004)#tab=summary,100000000,59475623,96150482,21406781,PG-13,Black Comedy,3057,93,,LOSS
286,12-06-2009,The Taking of Pelham 123,/movie/Taking-of-Pelham-123-The#tab=summary,110000000,65452312,152364370,23373102,R,Action,3077,106,,PROFIT
287,10-02-2016,Zootopia,/movie/Zootopia-(2016)#tab=summary,150000000,341268248,1004629935,75063401,PG,Adventure,3959,108,,PROFIT
288,22-12-2010,Little Fockers,/movie/Little-Fockers#tab=summary,100000000,148438600,310650574,30833665,PG-13,Comedy,3675,98,,PROFIT
289,24-12-2010,Gulliver's Travels,/movie/Gullivers-Travels-(2010)#tab=summary,112000000,42779261,232017848,6307691,PG,Adventure,3089,87,,PROFIT
290,20-05-2022,Top Gun: Maverick,/movie/Top-Gun-Maverick-(2020)#tab=summary,170000000,715270567,1478823595,126707459,PG-13,Action,4751,131,,PROFIT
291,26-10-2012,Cloud Atlas,/movie/Cloud-Atlas#tab=summary,102000000,27108272,130673154,9612247,R,Drama,2023,172,,PROFIT
292,18-07-2003,Bad Boys II,/movie/Bad-Boys-II#tab=summary,130000000,138540870,273271982,46522560,R,Action,3202,140,,PROFIT
293,18-04-2014,Transcendence,/movie/Transcendence#tab=summary,100000000,23022309,103039258,10886386,PG-13,Thriller/Suspense,3455,119,,PROFIT
294,05-11-2010,Megamind,/movie/Megamind#tab=summary,130000000,148415853,321887208,46016833,PG,Adventure,3949,95,,PROFIT
295,22-06-2007,Evan Almighty,/movie/Evan-Almighty#tab=summary,175000000,100289690,174131329,31192615,PG,Comedy,3636,96,,LOSS
296,19-11-2014,The Hunger Games: Mockingjay - Part 1,/movie/Hunger-Games-Mockingjay-Part-1-The#tab=summary,125000000,337135885,766575131,121897634,PG-13,Thriller/Suspense,4151,123,,PROFIT
297,16-05-2013,Star Trek Into Darkness,/movie/Star-Trek-Into-Darkness#tab=summary,190000000,228778661,467381584,70165559,PG-13,Adventure,3907,132,,PROFIT
298,28-06-2006,Superman Returns,/movie/Superman-Returns#tab=summary,232000000,200120000,391081192,52535096,PG-13,Adventure,4065,150,,PROFIT
299,15-05-2009,Angels & Demons,/movie/Angels-and-Demons#tab=summary,150000000,133375846,490875846,46204168,PG-13,Thriller/Suspense,3527,138,,PROFIT
300,20-11-2016,Allied,/movie/Allied#tab=summary,106000000,40098064,119266661,12701743,R,Drama,3160,124,,PROFIT
301,21-11-2008,Bolt,/movie/Bolt#tab=summary,150000000,114053579,328015029,26223128,PG,Adventure,3654,96,,PROFIT
302,13-06-2008,The Incredible Hulk,/movie/Incredible-Hulk-The#tab=summary,137500000,134806913,265573859,55414050,PG-13,Adventure,3508,112,,PROFIT
303,08-12-2006,Blood Diamond,/movie/Blood-Diamond#tab=summary,100000000,57377916,171377916,8648324,R,Action,1920,143,,PROFIT
304,20-06-2017,Transformers: The Last Knight,/movie/Transformers-The-Last-Knight#tab=summary,217000000,130168683,602893340,44680073,PG-13,Action,4132,148,,PROFIT
305,05-06-2009,Land of the Lost,/movie/Land-of-the-Lost#tab=summary,100000000,49438370,69548641,18837350,PG-13,Comedy,3534,102,,LOSS
306,25-12-2019,Spies in Disguise,/movie/Spies-in-Disguise-(2019)#tab=summary,100000000,66757013,165138481,13354798,PG,Adventure,3502,104,,PROFIT
307,08-12-2021,West Side Story,/movie/West-Side-Story-(2020)#tab=summary,100000000,38530322,75011257,10574618,PG-13,Musical,2820,156,,LOSS
308,25-12-2001,Ali,/movie/Ali-(2001)#tab=summary,109000000,58183966,87683966,14710892,R,Drama,2521,158,,LOSS
309,12-02-2014,RoboCop,/movie/RoboCop-(2013)#tab=summary,120000000,58607007,242981799,21681430,PG-13,Action,3372,116,,PROFIT
310,11-05-2017,King Arthur: Legend of the Sword,/movie/King-Arthur-Legend-of-the-Sword#tab=summary,175000000,39175066,139630336,15371270,PG-13,Adventure,3702,126,,LOSS
311,21-06-1996,The Hunchback of Notre Dame,/movie/Hunchback-of-Notre-Dame-The#tab=summary,100000000,100138851,325500000,21037414,G,Adventure,2835,91,,PROFIT
312,20-03-2018,Ready Player One,/movie/Ready-Player-One#tab=summary,150000000,137690172,579055653,41769050,PG-13,Adventure,4234,140,,PROFIT
313,25-03-2021,Godzilla vs. Kong,/movie/Godzilla-vs-Kong-(2020)#tab=summary,155000000,100916094,468064628,32200000,PG-13,Action,3084,113,,PROFIT
314,04-05-2017,Alien: Covenant,/movie/Alien-Covenant#tab=summary,97000000,74262031,238521247,36160621,R,Horror,3772,123,,PROFIT
315,30-06-1999,Wild Wild West,/movie/Wild-Wild-West#tab=summary,175000000,113805681,221229335,27687484,PG-13,Adventure,3342,107,,PROFIT
316,14-11-2018,Fantastic Beasts: The Crimes of Grindelwald,/movie/Fantastic-Beasts-The-Crimes-of-Grindelwald-(2018)#tab=summary,200000000,159555901,648455339,62163104,PG-13,Adventure,4163,134,,PROFIT
317,28-10-2011,The Adventures of Tintin,/movie/Adventures-of-Tintin-The#tab=summary,130000000,77591831,373993951,9720993,PG,Adventure,3087,104,,PROFIT
318,14-05-2015,Mad Max: Fury Road,/movie/Mad-Max-Fury-Road#tab=summary,150000000,153636354,367457874,45428128,R,Action,3722,120,,PROFIT
319,08-04-2005,Sahara,/movie/Sahara#tab=summary,145000000,68671925,121645390,18068372,PG-13,Adventure,3200,124,,LOSS
320,14-07-2017,War for the Planet of the Apes,/movie/War-for-the-Planet-of-the-Apes#tab=summary,152000000,146880162,489592267,56262929,PG-13,Action,4100,142,,PROFIT
321,26-03-2010,How to Train Your Dragon,/movie/How-to-Train-Your-Dragon#tab=summary,165000000,217581232,494870992,43732319,PG,Adventure,4060,91,,PROFIT
322,30-05-2012,Prometheus,/movie/Prometheus#tab=summary,125000000,126477084,402448265,51050101,R,Thriller/Suspense,3442,124,,PROFIT
323,30-06-2000,The Perfect Storm,/movie/Perfect-Storm-The#tab=summary,120000000,182618434,328711434,41325042,PG-13,Drama,3407,129,,PROFIT
324,13-07-2011,Harry Potter and the Deathly Hallows: Part II,/movie/Harry-Potter-and-the-Deathly-Hallows-Part-II#tab=summary,125000000,381193157,1316355322,169189427,PG-13,Adventure,4375,131,,PROFIT
325,21-11-2018,Robin Hood,/movie/Robin-Hood-(2018)#tab=summary,99000000,30824628,85210012,36063385,PG-13,Action,3505,139,,LOSS
326,14-05-2010,Robin Hood,/movie/Robin-Hood-(2010)#tab=summary,210000000,105487148,322459006,36063385,PG-13,Action,3505,139,,PROFIT
327,17-11-2006,Casino Royale,/movie/Casino-Royale-(2006)#tab=summary,102000000,167365000,594420283,40833156,PG-13,Action,3443,144,,PROFIT
328,26-11-2014,Penguins of Madagascar,/movie/Penguins-of-Madagascar#tab=summary,132000000,83350911,366942531,25447444,PG,Adventure,3775,92,,PROFIT
329,20-12-2002,Gangs of New York,/movie/Gangs-of-New-York#tab=summary,97000000,77730500,183124621,9496870,R,Drama,2340,155,,PROFIT
330,30-05-2012,Snow White and the Huntsman,/movie/Snow-White-and-the-Huntsman#tab=summary,170000000,155136755,401021746,56217700,PG-13,Adventure,3777,127,,PROFIT
331,21-04-2011,Fast Five,/movie/Fast-Five#tab=summary,125000000,210031325,630163454,86198765,PG-13,Action,3793,130,,PROFIT
332,07-11-2008,Madagascar: Escape 2 Africa,/movie/Madagascar-Escape-2-Africa#tab=summary,150000000,180174880,599680774,63106589,PG,Adventure,4065,89,,PROFIT
333,29-09-2016,Deepwater Horizon,/movie/Deepwater-Horizon#tab=summary,156000000,61433527,122359309,20223544,PG-13,Thriller/Suspense,3403,107,,LOSS
334,16-02-2007,Ghost Rider,/movie/Ghost-Rider#tab=summary,120000000,115802596,229545589,45388836,PG-13,Action,3620,110,,PROFIT
335,28-05-2010,Prince of Persia: Sands of Time,/movie/Prince-of-Persia-Sands-of-Time#tab=summary,200000000,90759676,336359676,30095259,PG-13,Action,3646,115,,PROFIT
336,19-12-2001,The Lord of the Rings: The Fellowship of the Ring,/movie/Lord-of-the-Rings-The-Fellowship-of-the-Ring-The#tab=summary,93000000,315544750,891216824,47211490,PG-13,Adventure,3381,179,,PROFIT
337,06-02-2015,Jupiter Ascending,/movie/Jupiter-Ascending#tab=summary,179000000,47482519,181982519,18372372,PG-13,Action,3885,127,,PROFIT
338,25-12-2012,Django Unchained,/movie/Django-Unchained#tab=summary,100000000,162805434,449841566,30122888,R,Western,3012,165,,PROFIT
339,01-04-2010,Clash of the Titans,/movie/Clash-of-the-Titans-(2010)#tab=summary,125000000,163214888,493214888,61235105,PG-13,Action,3802,106,,PROFIT
340,15-03-2019,Wonder Park,/movie/Wonder-Park-(2019)#tab=summary,100000000,45216793,115112118,15853646,PG,Adventure,3838,93,,PROFIT
341,22-11-2013,Frozen,/movie/Frozen-(2013)#tab=summary,150000000,400953009,1261788407,243390,PG,Musical,3742,102,,PROFIT
342,14-11-2019,Ford v. Ferrari,/movie/Ford-v-Ferrari-(2019)#tab=summary,97600000,117624357,224418748,31474958,PG-13,Drama,3746,152,,PROFIT
343,16-10-2009,Where the Wild Things Are,/movie/Where-the-Wild-Things-Are#tab=summary,100000000,77233467,99123656,32695407,PG,Adventure,3735,100,,LOSS
344,05-08-2015,The Fantastic Four,/movie/Fantastic-Four-The-(2015)#tab=summary,120000000,56117548,167849187,NA,NA,NA,NA,NA,,
345,07-05-2010,Iron Man 2,/movie/Iron-Man-2#tab=summary,170000000,312433331,621156389,128122480,PG-13,Action,4390,125,,PROFIT
346,25-10-2013,Ender's Game,/movie/Enders-Game#tab=summary,110000000,61737191,127983283,27017351,PG-13,Adventure,3407,114,,PROFIT
347,25-05-2016,Warcraft,/movie/Warcraft#tab=summary,160000000,47365290,438899824,24166110,PG-13,Action,3406,123,,PROFIT
348,09-11-2018,Outlaw King,/movie/Outlaw-King-(2018)#tab=summary,120000000,0,0,NA,R,Action,NA,117,,
349,02-12-2022,Emancipation,/movie/Emancipation-(2022)#tab=summary,120000000,0,0,NA,NA,Thriller/Suspense,NA,132,,
350,22-04-2016,Captain America: Civil War,/movie/Captain-America-Civil-War#tab=summary,250000000,408084349,1151918521,179139142,PG-13,Action,4226,146,,PROFIT
351,25-01-2021,Tang Ren Jie Tan An 3,/movie/Tang-Ren-Jie-Tan-An-3-(China)#tab=summary,117000000,0,699084069,NA,R,Action,NA,136,,
352,04-05-2007,Spider-Man 3,/movie/Spider-Man-3#tab=summary,258000000,336530303,894860230,151116516,PG-13,Adventure,4324,139,,PROFIT
353,25-10-2014,Big Hero 6,/movie/Big-Hero-6#tab=summary,165000000,222527828,648415024,56215889,PG,Adventure,3773,108,,PROFIT
354,18-07-2017,Dunkirk,/movie/Dunkirk-(2017)#tab=summary,150000000,190068280,518058826,50513488,PG-13,Action,4014,107,,PROFIT
355,04-11-2005,Chicken Little,/movie/Chicken-Little#tab=summary,150000000,135386665,310043823,40049778,G,Adventure,3658,82,,PROFIT
356,22-07-2011,Captain America: The First Avenger,/movie/Captain-America-The-First-Avenger#tab=summary,140000000,176654505,370569776,65058524,PG-13,Action,3715,124,,PROFIT
357,13-02-2018,Black Panther,/movie/Black-Panther#tab=summary,200000000,700059566,1336494321,202003951,PG-13,Action,4084,120,,PROFIT
358,17-11-2010,Harry Potter and the Deathly Hallows: Part I,/movie/Harry-Potter-and-the-Deathly-Hallows-Part-I#tab=summary,125000000,296131568,951767705,125017372,PG-13,Adventure,4125,146,,PROFIT
359,27-03-2013,G.I. Joe: Retaliation,/movie/GI-Joe-Retaliation#tab=summary,140000000,122523060,375740705,40501814,PG-13,Action,3734,110,,PROFIT
360,15-06-2022,Lightyear,/movie/Lightyear-(2022)#tab=summary,200000000,118307188,218571346,50577961,PG,Adventure,4255,110,,PROFIT
361,06-03-2019,Triple Frontier,/movie/Triple-Frontier-(2019)#tab=summary,115000000,0,0,NA,R,Action,NA,125,,
362,04-07-2008,Astérix aux Jeux Olympiques,/movie/Asterix-aux-Jeux-Olympiques#tab=summary,113500000,999811,132999811,NA,Unrated,Adventure,NA,NA,,
363,15-06-2001,Lara Croft: Tomb Raider,/movie/Lara-Croft-Tomb-Raider#tab=summary,94000000,131144183,273330185,47735743,PG-13,Adventure,3349,100,,PROFIT
364,18-12-1997,Titanic,/movie/Titanic-(1997)#tab=summary,200000000,659363944,2207986545,28638131,PG-13,Drama,3265,194,,PROFIT
365,06-10-2015,Spectre,/movie/Spectre#tab=summary,300000000,200074175,879500760,70403148,PG-13,Action,3929,148,,PROFIT
366,16-06-2004,Around the World in 80 Days,/movie/Around-the-World-in-80-Days-(2004)#tab=summary,110000000,24004159,72004159,7576132,PG,Adventure,2801,120,,LOSS
367,06-05-2005,Kingdom of Heaven,/movie/Kingdom-of-Heaven#tab=summary,110000000,47398413,218674938,19635996,R,Action,3219,148,,PROFIT
368,17-03-2017,The Boss Baby,/movie/Boss-Baby-The#tab=summary,125000000,175003033,527965936,50198902,PG,Adventure,3829,97,,PROFIT
369,15-06-2007,Fantastic Four: Rise of the Silver Surfer,/movie/Fantastic-Four-Rise-of-the-Silver-Surfer#tab=summary,120000000,131921738,289480691,58051684,PG,Action,3963,91,,PROFIT
370,21-05-2009,Terminator Salvation,/movie/Terminator-Salvation#tab=summary,200000000,125322469,365491792,42558390,PG-13,Action,3602,116,,PROFIT
371,21-05-2010,Shrek Forever After,/movie/Shrek-Forever-After-(2010)#tab=summary,165000000,238736787,756244673,70838207,PG,Adventure,4386,93,,PROFIT
372,19-11-1999,The World is Not Enough,/movie/World-is-Not-Enough-The#tab=summary,135000000,126930660,361730660,35519007,PG-13,Action,3165,128,,PROFIT
373,06-02-2013,A Good Day to Die Hard,/movie/Die-Hard-5#tab=summary,92000000,67349198,304249198,24834845,R,Action,3555,98,,PROFIT
374,03-02-2022,Moonfall,/movie/Moonfall-(2022)#tab=summary,150000000,19060660,59049032,9868997,PG-13,Action,3446,124,,LOSS
375,11-07-2013,Pacific Rim,/movie/Pacific-Rim#tab=summary,190000000,101802906,411002906,37285325,PG-13,Action,3285,131,,PROFIT
376,14-12-2005,King Kong,/movie/King-Kong-(2005)#tab=summary,207000000,218080025,550517357,50130145,PG-13,Adventure,3627,189,,PROFIT
377,19-12-2018,Mary Poppins Returns,/movie/Mary-Poppins-Returns-(2018)#tab=summary,130000000,171958438,348901032,23523121,PG,Musical,4090,130,,PROFIT
378,29-06-2007,Ratatouille,/movie/Ratatouille#tab=summary,150000000,206445654,626549695,47027395,G,Adventure,3940,110,,PROFIT
379,23-05-2017,Pirates of the Caribbean: Dead Men Tell No Tales,/movie/Pirates-of-the-Caribbean-Dead-Men-Tell-No-Tales#tab=summary,230000000,172558876,794861794,62983253,PG-13,Adventure,4276,135,,PROFIT
380,16-07-2004,"I, Robot",/movie/I-Robot#tab=summary,105000000,144801023,348629585,52179887,PG-13,Action,3494,115,,PROFIT
381,05-06-2014,How to Train Your Dragon 2,/movie/How-to-Train-Your-Dragon-2-(2014)#tab=summary,145000000,177002924,614586270,49451322,PG,Adventure,4268,102,,PROFIT
382,06-12-2018,Aquaman,/movie/Aquaman-(2018)#tab=summary,160000000,335061807,1143758700,67873522,PG-13,Action,4184,143,,PROFIT
383,20-06-1997,Batman & Robin,/movie/Batman-and-Robin#tab=summary,125000000,107325195,238317814,42872605,PG-13,Action,2942,125,,PROFIT
384,27-06-2008,WALL-E,/movie/WALL-E#tab=summary,180000000,223808164,532508025,63087526,G,Adventure,3992,100,,PROFIT
385,03-10-2019,Gemini Man,/movie/Gemini-Man-(2019)#tab=summary,140000000,48546770,166623705,20552372,PG-13,Action,3642,116,,PROFIT
386,11-12-2012,The Hobbit: An Unexpected Journey,/movie/Hobbit-An-Unexpected-Journey-The#tab=summary,200000000,303003568,1014938545,84617303,PG-13,Adventure,4100,169,,PROFIT
387,23-05-2018,Solo: A Star Wars Story,/movie/Solo-A-Star-Wars-Story#tab=summary,275000000,213767512,393151347,84420489,PG-13,Adventure,4381,135,,PROFIT
388,02-07-2013,The Lone Ranger,/movie/Lone-Ranger-The#tab=summary,225000000,89302115,260002115,29210849,PG-13,Western,3904,149,,PROFIT
389,18-11-2015,The Hunger Games: Mockingjay - Part 2,/movie/Hunger-Games-Mockingjay-Part-2-The#tab=summary,160000000,281723902,648986787,102665981,PG-13,Thriller/Suspense,4175,136,,PROFIT
390,16-05-2008,The Chronicles of Narnia: Prince Caspian,/movie/Chronicles-of-Narnia-Prince-Caspian-The#tab=summary,225000000,141621490,417341288,55034805,PG,Adventure,3929,144,,PROFIT
391,11-07-2019,The Lion King,/movie/Lion-King-The-(Live-Action)-(2019)#tab=summary,260000000,543638043,1647778651,191770759,PG,Adventure,4802,118,,PROFIT
392,23-03-2017,Ghost in the Shell,/movie/Ghost-in-the-Shell#tab=summary,110000000,40563557,167910690,18676033,PG-13,Action,3440,100,,PROFIT
393,26-08-2020,Tenet,/movie/Tenet-(2020)#tab=summary,205000000,58504105,362450957,20001852,PG-13,Action,2930,110,,PROFIT
394,27-06-2012,Ice Age: Continental Drift,/movie/Ice-Age-Continental-Drift#tab=summary,95000000,161321843,879765137,46629259,PG,Adventure,3886,87,,PROFIT
395,29-06-2011,Transformers: Dark of the Moon,/movie/Transformers-Dark-of-the-Moon-(2011)#tab=summary,195000000,352390543,1123794079,97852865,PG-13,Action,4107,154,,PROFIT
396,19-03-2015,Home,/movie/Home-(2015)#tab=summary,130000000,177397510,385997896,52107731,PG,Adventure,3801,94,,PROFIT
397,03-05-2002,Spider-Man,/movie/Spider-Man#tab=summary,139000000,403706375,821706375,114844116,PG-13,Adventure,3876,121,,PROFIT
398,06-08-2010,The Other Guys,/movie/Other-Guys-The-(2010)#tab=summary,100000000,119219978,170936470,35543162,PG-13,Comedy,3651,97,,PROFIT
399,31-10-2018,The Nutcracker and the Four Realms,/movie/Nutcracker-and-the-Four-Realms-The-(2018)#tab=summary,132900000,54858851,170024300,20352491,PG,Adventure,3766,99,,PROFIT
400,25-05-2001,Pearl Harbor,/movie/Pearl-Harbor#tab=summary,151500000,198539855,449239853,59078912,PG-13,Action,3255,182,,PROFIT
401,24-06-2015,Terminator: Genisys,/movie/Terminator-Genisys#tab=summary,155000000,89760956,432150894,27018486,PG-13,Action,3783,126,,PROFIT
402,25-06-2014,Transformers: Age of Extinction,/movie/Transformers-Age-of-Extinction#tab=summary,210000000,245439076,1104054072,100038390,PG-13,Action,4233,165,,PROFIT
403,15-12-2000,The Emperor's New Groove,/movie/Emperors-New-Groove-The#tab=summary,100000000,89630573,169630573,9812302,G,Adventure,2887,78,,PROFIT
404,27-04-2001,Town & Country,/movie/Town-and-Country#tab=summary,105000000,6712451,10364769,3029858,R,Romantic Comedy,2222,NA,,
405,14-12-2007,I am Legend,/movie/I-am-Legend#tab=summary,150000000,256393010,585532684,77211321,PG-13,Horror,3648,100,,PROFIT
406,27-11-2002,Treasure Planet,/movie/Treasure-Planet#tab=summary,100000000,38120554,91800000,12083248,PG,Adventure,3227,95,,LOSS
407,27-03-2014,Noah,/movie/Noah#tab=summary,130000000,101200044,352831065,43720472,PG-13,Drama,3571,137,,PROFIT
408,09-04-2004,The Alamo,/movie/Alamo-The-(2004)#tab=summary,92000000,22406362,23911362,9124701,PG-13,Western,2609,137,,LOSS
409,28-05-2009,Up,/movie/Up#tab=summary,175000000,293004164,731463377,68108790,PG,Adventure,3886,89,,PROFIT
410,19-11-2004,National Treasure,/movie/National-Treasure#tab=summary,100000000,173005002,331323410,35142554,PG,Adventure,3243,130,,PROFIT
411,17-12-2004,Lemony Snicket's A Series of Unfortunate Events,/movie/Lemony-Snickets-A-Series-of-Unfortunate-Events#tab=summary,100000000,118627117,212956024,30061756,PG,Adventure,3623,107,,PROFIT
412,11-03-2011,Mars Needs Moms,/movie/Mars-Needs-Moms#tab=summary,150000000,21392758,39549758,6914488,PG,Adventure,3117,88,,LOSS
413,05-11-2003,The Matrix Revolutions,/movie/Matrix-Revolutions-The#tab=summary,150000000,139270910,427300260,48475154,R,Action,3502,129,,PROFIT
414,14-12-2021,Spider-Man: No Way Home,/movie/Spider-Man-No-Way-Home-(2021)#tab=summary,200000000,814108407,1912775610,260138569,PG-13,Action,4336,148,,PROFIT
415,15-05-2003,The Matrix Reloaded,/movie/Matrix-Reloaded-The#tab=summary,150000000,281553689,738576929,91774413,R,Action,3603,138,,PROFIT
416,18-06-2010,Toy Story 3,/movie/Toy-Story-3#tab=summary,200000000,415004880,1068879522,110307189,G,Adventure,4028,102,,PROFIT
417,01-07-2009,Public Enemies,/movie/Public-Enemies-(2009)#tab=summary,102500000,97104620,212282709,25271675,R,Drama,3336,140,,PROFIT
418,01-06-2022,Jurassic World: Dominion,/movie/Jurassic-World-Dominion-(2022)#tab=summary,165000000,376009080,1001188755,145075625,PG-13,Action,4697,146,,PROFIT
419,20-07-2016,Jason Bourne,/movie/Jason-Bourne#tab=summary,120000000,162192920,416168316,59215365,PG-13,Action,4039,123,,PROFIT
420,06-03-2009,Watchmen,/movie/Watchmen#tab=summary,138000000,107509799,186976250,55214334,R,Action,3611,161,,PROFIT
421,04-03-2010,Alice in Wonderland,/movie/Alice-in-Wonderland-(2010)#tab=summary,200000000,334191110,1025491110,116101023,PG,Adventure,3739,108,,PROFIT
422,11-04-2012,Battleship,/movie/Battleship#tab=summary,220000000,65233400,313477717,25534825,PG-13,Action,3702,130,,PROFIT
423,01-07-2010,The Last Airbender,/movie/Last-Airbender-The#tab=summary,150000000,131772187,319713881,40325019,PG,Adventure,3203,103,,PROFIT
424,07-03-2012,John Carter,/movie/John-Carter-of-Mars#tab=summary,263700000,73058679,282778100,30180188,PG-13,Adventure,3749,132,,PROFIT
425,18-11-2011,Happy Feet Two,/movie/Happy-Feet-2#tab=summary,135000000,64006466,157956466,21237068,PG,Adventure,3611,99,,PROFIT
426,25-12-2008,The Curious Case of Benjamin Button,/movie/Curious-Case-of-Benjamin-Button-The#tab=summary,160000000,127509326,329631958,26853816,PG-13,Drama,2988,167,,PROFIT
427,17-05-2013,Fast and Furious 6,/movie/Fast-and-Furious-6#tab=summary,160000000,238679850,789300444,97375245,PG-13,Action,3771,130,,PROFIT
428,03-02-2021,Chaos Walking,/movie/Chaos-Walking#tab=summary,100000000,13287908,27075660,3775350,PG-13,Action,2132,108,,LOSS
429,27-03-2019,Dumbo,/movie/Dumbo-(2019)#tab=summary,170000000,114766307,353166307,45990748,PG,Adventure,4259,130,,PROFIT
430,16-12-2011,Sherlock Holmes: A Game of Shadows,/movie/Sherlock-Holmes-A-Game-of-Shadows-(2011)#tab=summary,125000000,186848418,535663443,39637079,PG-13,Action,3703,129,,PROFIT
431,11-07-2007,Harry Potter and the Order of the Phoenix,/movie/Harry-Potter-and-the-Order-of-the-Phoenix#tab=summary,150000000,292137260,939619849,77108414,PG-13,Adventure,4285,138,,PROFIT
432,25-11-2009,The Princess and the Frog,/movie/Princess-and-the-Frog-The#tab=summary,105000000,104400899,270997378,786190,G,Adventure,3475,97,,PROFIT
433,25-04-2012,The Avengers,/movie/Avengers-The-(2012)#tab=summary,225000000,623357910,1515100211,207438708,PG-13,Action,4349,143,,PROFIT
434,21-06-2012,Brave,/movie/Brave#tab=summary,185000000,237282182,554606532,66323594,PG,Adventure,4164,93,,PROFIT
435,11-05-2018,Deadpool 2,/movie/Deadpool-2#tab=summary,110000000,324591735,786362370,125507153,R,Action,4349,119,,PROFIT
436,28-07-2021,The Suicide Squad,/movie/Suicide-Squad-The-(2021)#tab=summary,185000000,55817425,167120232,26205415,R,Action,4019,132,,LOSS
437,17-12-2010,Tron: Legacy,/movie/Tron-Legacy#tab=summary,200000000,172062763,399866199,44026211,PG,Adventure,3451,125,,PROFIT
438,07-11-1997,Starship Troopers,/movie/Starship-Troopers#tab=summary,105000000,54768952,121100000,22058773,R,Action,2971,129,,PROFIT
439,19-07-2002,Stuart Little 2,/movie/Stuart-Little-2#tab=summary,120000000,64956806,166000000,15115152,PG,Adventure,3282,77,,PROFIT
440,15-06-2018,Incredibles 2,/movie/Incredibles-2#tab=summary,200000000,608581744,1242805359,182687905,PG,Adventure,4413,118,,PROFIT
441,09-06-2015,Jurassic World,/movie/Jurassic-World#tab=summary,215000000,652306625,1669979967,208806270,PG-13,Action,4291,124,,PROFIT
442,21-11-2012,Life of Pi,/movie/Life-of-Pi#tab=summary,120000000,124987022,619310368,22451514,PG,Drama,2946,125,,PROFIT
443,23-07-2014,Hercules,/movie/Hercules-(2014)#tab=summary,100000000,72688614,243388614,29800263,PG-13,Adventure,3595,97,,PROFIT
444,25-09-2015,Pan,/movie/Pan-(2015)#tab=summary,150000000,35088320,151525973,15315435,PG,Adventure,3515,111,,PROFIT
445,10-07-1998,Lethal Weapon 4,/movie/Lethal-Weapon-4#tab=summary,140000000,130444603,285400000,34048124,R,Action,3117,127,,PROFIT
446,17-12-1999,Stuart Little,/movie/Stuart-Little#tab=summary,105000000,140015224,298815224,15018223,PG,Adventure,3151,92,,PROFIT
447,18-02-2005,Son of the Mask,/movie/Son-of-the-Mask#tab=summary,100000000,17018422,59918422,7511675,PG,Adventure,2966,94,,LOSS
448,21-05-2014,X-Men: Days of Future Past,/movie/X-Men-Days-of-Future-Past#tab=summary,200000000,233921534,747862775,90823660,PG-13,Action,4001,131,,PROFIT
449,16-12-2015,Star Wars Ep. VII: The Force Awakens,/movie/Star-Wars-Ep-VII-The-Force-Awakens#tab=summary,306000000,936662225,2064615817,247966675,PG-13,Adventure,4134,136,,PROFIT
450,24-11-2021,Encanto,/movie/Encanto-(2021)#tab=summary,150000000,96093622,230873149,27206494,PG,Adventure,3980,109,,PROFIT
451,05-05-2006,Mission: Impossible III,/movie/Mission-Impossible-III#tab=summary,150000000,133501348,399387745,47743273,PG-13,Action,4059,126,,PROFIT
452,27-07-2001,Planet of the Apes,/movie/Planet-of-the-Apes-(2001)#tab=summary,100000000,180011740,362211740,68532960,PG-13,Adventure,3530,120,,PROFIT
453,02-10-2018,Venom,/movie/Venom-(2018)#tab=summary,116000000,213511408,856081053,80255756,PG-13,Action,4250,112,,PROFIT
454,08-08-2014,Teenage Mutant Ninja Turtles,/movie/Teenage-Mutant-Ninja-Turtles-(2014)#tab=summary,125000000,191204754,485004754,65575105,PG-13,Adventure,3980,101,,PROFIT
455,20-11-2019,Frozen II,/movie/Frozen-II-(2019)#tab=summary,150000000,477373578,1445182280,130263358,PG,Adventure,4440,103,,PROFIT
456,04-03-2011,Rango,/movie/Rango#tab=summary,135000000,123477607,245724600,38079323,PG,Adventure,3923,107,,PROFIT
457,29-12-2016,Monster Trucks,/movie/Monster-Trucks#tab=summary,125000000,33370166,61642798,10950705,PG-13,Adventure,3119,104,,LOSS
458,18-05-2016,X-Men: Apocalypse,/movie/X-Men-Apocalypse-(2016)#tab=summary,178000000,155442489,542537546,65769562,PG-13,Action,4153,136,,PROFIT
459,06-03-2019,Captain Marvel,/movie/Captain-Marvel-(2019)#tab=summary,175000000,426829839,1129727388,153433423,PG-13,Action,4310,124,,PROFIT
460,14-06-2002,Windtalkers,/movie/Windtalkers#tab=summary,115000000,40914068,77628265,14520412,R,Action,2898,134,,LOSS
461,09-05-2008,Speed Racer,/movie/Speed-Racer#tab=summary,120000000,43945766,93394462,18561337,PG,Action,3606,135,,LOSS
462,28-07-2021,Jungle Cruise,/movie/Jungle-Cruise-(2021)#tab=summary,200000000,116987516,210384144,35018731,PG-13,Adventure,4310,90,,PROFIT
463,16-08-2002,The Adventures of Pluto Nash,/movie/Adventures-of-Pluto-Nash-The#tab=summary,100000000,4411102,7094995,2182900,PG-13,Comedy,2320,NA,,
464,26-11-2015,In the Heart of the Sea,/movie/In-the-Heart-of-the-Sea#tab=summary,100000000,25020758,89693309,11053366,PG-13,Adventure,3103,121,,LOSS
465,09-12-2020,The Midnight Sky,/movie/Midnight-Sky-The-(2020)#tab=summary,100000000,0,75615,NA,PG-13,Adventure,NA,118,,
466,12-06-2020,Artemis Fowl,/movie/Artemis-Fowl-(2020)#tab=summary,100000000,0,0,NA,PG,Adventure,NA,115,,
467,01-08-2008,The Mummy: Tomb of the Dragon Emperor,/movie/Mummy-Tomb-of-the-Dragon-Emperor-The#tab=summary,175000000,102491776,405760225,40457770,PG-13,Adventure,3778,111,,PROFIT
468,15-03-2013,The Croods,/movie/Croods-The#tab=summary,135000000,187168425,573068425,43639736,PG,Adventure,4065,98,,PROFIT
469,24-11-2010,Tangled,/movie/Tangled#tab=summary,260000000,200821936,583777242,48767052,PG,Musical,3603,101,,PROFIT
470,22-04-2015,Avengers: Age of Ultron,/movie/Avengers-Age-of-Ultron#tab=summary,365000000,459005868,1395316979,191271109,PG-13,Action,4276,141,,PROFIT
471,17-12-2003,The Lord of the Rings: The Return of the King,/movie/Lord-of-the-Rings-The-Return-of-the-King-The#tab=summary,94000000,377845905,1120214046,72629713,PG-13,Adventure,3703,201,,PROFIT
472,06-06-2018,Jurassic World: Fallen Kingdom,/movie/Jurassic-World-Fallen-Kingdom-(2018)#tab=summary,170000000,417719760,1308334005,148024610,PG-13,Action,4485,128,,PROFIT
473,07-03-2008,"10,000 B.C.",/movie/10-000-B-C#tab=summary,105000000,94784201,269065678,35867488,PG-13,Adventure,3454,109,,PROFIT
474,27-05-2015,San Andreas,/movie/San-Andreas#tab=summary,110000000,155190832,456258539,54588173,PG-13,Adventure,3812,114,,PROFIT
475,05-07-2018,Skyscraper,/movie/Skyscraper#tab=summary,125000000,68420120,304868961,24905015,PG,Action,3822,103,,PROFIT
476,19-05-2000,Dinosaur,/movie/Dinosaur#tab=summary,127500000,137748063,356148063,38854851,PG,Adventure,3319,82,,PROFIT
477,21-06-2013,Monsters University,/movie/Monsters-University#tab=summary,200000000,268488329,743455810,82429469,G,Adventure,4004,102,,PROFIT
478,16-03-2017,Beauty and the Beast,/movie/Beauty-and-the-Beast-(2017)#tab=summary,160000000,504014165,1270042058,174750616,PG,Musical,4210,123,,PROFIT
479,09-07-2014,Dawn of the Planet of the Apes,/movie/Dawn-of-the-Planet-of-the-Apes#tab=summary,170000000,208545589,710644566,72611427,PG-13,Adventure,3969,130,,PROFIT
480,12-02-2010,The Wolfman,/movie/Wolfman-The-(2010)#tab=summary,150000000,62189884,142634358,31479235,R,Horror,3223,102,,LOSS
481,10-12-2010,The Tourist,/movie/Tourist-The#tab=summary,100000000,67631157,278731369,16472458,PG-13,Thriller/Suspense,2756,102,,PROFIT
482,14-01-2011,The Green Hornet,/movie/Green-Hornet-The#tab=summary,110000000,98780042,229155503,33526876,PG-13,Action,3584,118,,PROFIT
483,15-07-2005,Charlie and the Chocolate Factory,/movie/Charlie-and-the-Chocolate-Factory-(2005)#tab=summary,150000000,206459076,475825484,56178450,PG,Adventure,3790,115,,PROFIT
484,19-07-2012,The Dark Knight Rises,/movie/Dark-Knight-Rises-The#tab=summary,230000000,448139099,1082228107,160887295,PG-13,Action,4404,164,,PROFIT
485,13-11-2017,Justice League,/movie/Justice-League-(2017)#tab=summary,300000000,229024295,655945209,93842239,PG-13,Action,4051,121,,PROFIT
486,03-01-2020,The Call of the Wild,/movie/Call-of-the-Wild-The-(2020)#tab=summary,125000000,62342368,107360936,24791624,PG,Adventure,3914,100,,LOSS
487,16-07-2018,Mission: Impossible—Fallout,/movie/Mission-Impossible-Fallout#tab=summary,178000000,220159104,787176729,61236534,PG-13,Action,4395,147,,PROFIT
488,24-07-2009,G-Force,/movie/G-Force#tab=summary,150000000,119436770,292817841,31706934,PG,Adventure,3697,87,,PROFIT
489,14-06-2013,Man of Steel,/movie/Man-of-Steel#tab=summary,225000000,291045518,667999518,116619362,PG-13,Action,4207,142,,PROFIT
490,29-07-2011,Cowboys and Aliens,/movie/Cowboys-and-Aliens#tab=summary,163000000,100368560,176038324,36431290,PG-13,Action,3754,118,,PROFIT
491,31-07-2013,The Smurfs 2,/movie/Smurfs-2-The#tab=summary,110000000,71017784,348547523,17548389,PG,Adventure,3867,104,,PROFIT
492,08-12-2017,Ferdinand,/movie/Ferdinand#tab=summary,111000000,84410380,288510892,13401586,PG,Adventure,3630,107,,PROFIT
493,24-05-2013,Epic,/movie/Epic#tab=summary,100000000,107518682,262794441,33531068,PG,Adventure,3894,103,,PROFIT
494,09-05-2012,Dark Shadows,/movie/Dark-Shadows#tab=summary,150000000,79727149,238202668,29685274,PG-13,Black Comedy,3755,112,,PROFIT
495,13-06-1997,Speed 2: Cruise Control,/movie/Speed-2-Cruise-Control#tab=summary,110000000,48097081,150468000,16158942,PG-13,Action,2625,125,,PROFIT
496,16-04-2014,The Amazing Spider-Man 2,/movie/Amazing-Spider-Man-2-The#tab=summary,200000000,202853933,708996336,91608337,PG-13,Action,4324,141,,PROFIT
497,29-07-2005,Stealth,/movie/Stealth#tab=summary,138000000,32116746,76416746,13251545,PG-13,Action,3495,121,,LOSS
498,22-12-1995,Cutthroat Island,/movie/Cutthroat-Island#tab=summary,92000000,10017322,18517322,2371415,PG-13,Adventure,1619,NA,,
499,12-10-2016,Trolls,/movie/Trolls#tab=summary,125000000,153707064,343242613,46581142,PG,Adventure,4066,93,,PROFIT
500,09-03-2023,65,/movie/65-(2022)#tab=summary,91000000,0,0,NA,NA,Thriller/Suspense,NA,NA,,
